﻿<parameters>
  <parameter name="IIS Web Application Name" defaultValue="ExamTeam" tags="IisApp">
    <parameterEntry kind="ProviderPath" scope="IisApp" match="^D:\\ExamTeamManagementSystemDevelopmentProject\\ExamTeamManagementSystem\\ExamTeamManagementSystem\\obj\\Release\\Package\\PackageTmp$" />
    <parameterEntry kind="ProviderPath" scope="setAcl" match="^D:\\ExamTeamManagementSystemDevelopmentProject\\ExamTeamManagementSystem\\ExamTeamManagementSystem\\obj\\Release\\Package\\PackageTmp$" />
  </parameter>
  <parameter name="ExamTeamManagementSystemConnectionString-Web.config Connection String" description="ExamTeamManagementSystemConnectionString Connection String used in web.config by the application to access the database." defaultValue="Data Source=FY-45-O-1620-05;Initial Catalog=ExamTeamManagementSystem;Integrated Security=True;MultipleActiveResultSets=True;Application Name=EntityFramework" tags="SqlConnectionString">
    <parameterEntry kind="XmlFile" scope="D:\\ExamTeamManagementSystemDevelopmentProject\\ExamTeamManagementSystem\\ExamTeamManagementSystem\\obj\\Release\\Package\\PackageTmp\\Web\.config$" match="/configuration/connectionStrings/add[@name='ExamTeamManagementSystemConnectionString']/@connectionString" />
  </parameter>
  <parameter name="ExamTeamManagementSystemEntities-Web.config Connection String" description="ExamTeamManagementSystemEntities Connection String used in web.config by the application to access the database." defaultValue="metadata=res://*/Models.ExamTeam.csdl|res://*/Models.ExamTeam.ssdl|res://*/Models.ExamTeam.msl;provider=System.Data.SqlClient;provider connection string=&quot;data source=FY-45-O-1620-05;initial catalog=ExamTeamManagementSystem;integrated security=True;multipleactiveresultsets=True;application name=EntityFramework&quot;" tags="SqlConnectionString">
    <parameterEntry kind="XmlFile" scope="D:\\ExamTeamManagementSystemDevelopmentProject\\ExamTeamManagementSystem\\ExamTeamManagementSystem\\obj\\Release\\Package\\PackageTmp\\Web\.config$" match="/configuration/connectionStrings/add[@name='ExamTeamManagementSystemEntities']/@connectionString" />
  </parameter>
</parameters>